{
  "id": "610d728d-575f-4775-9b32-2fafdbf74535",
  "generation": 2,
  "iteration": 19,
  "current_iteration": 25,
  "metrics": {
    "combined_score": 0.8565410085463431
  },
  "language": "text",
  "timestamp": 1781429845.7988253,
  "saved_at": 1781429878.7600782
}