{
  "id": "5ba85c4c-36d2-4cd9-a028-6e07e63dabca",
  "generation": 1,
  "iteration": 28,
  "current_iteration": 40,
  "metrics": {
    "combined_score": 0.9221335099987686
  },
  "language": "text",
  "timestamp": 1781429939.163016,
  "saved_at": 1781431284.6939747
}