{
  "id": "ca776138-ab3b-410e-ac0d-c5fc60a5de2d",
  "generation": 0,
  "iteration": 0,
  "current_iteration": 15,
  "metrics": {
    "combined_score": 0.7364324488618411
  },
  "language": "text",
  "timestamp": 1781429525.9922233,
  "saved_at": 1781429654.8868062
}