{
  "id": "cac8b5c6-abde-4656-9278-89255fdc0aef",
  "generation": 3,
  "iteration": 31,
  "current_iteration": 50,
  "metrics": {
    "combined_score": 0.9087539262205828
  },
  "language": "text",
  "timestamp": 1781384648.2885723,
  "saved_at": 1781387148.3595312
}